<?xml version="1.0"?>
<!-- edited with XML Spy v4.4 U (http://www.xmlspy.com) by Jennifer Puyenbroek (HL7 Control Query TC) -->
<DocumentInformation>
	<Copyright>Copyright © 2002 McKesson Information Solutions. All Rights Reserved.  Use of this documentation and related software is governed by a license agreement. This documentation and related software contain confidential, proprietary and trade secret information of McKesson Information Solutions and are protected under United States and international copyright and other intellectual property laws. Use, disclosure, reproduction, modification, distribution, or storage in a retrieval system in any form or by any means is prohibited without the prior express written permission of McKesson Information Solutions. This documentation and related software are subject to change without notice.
	</Copyright>
	<PublicationDate>October 2002
Printed in U.S.A</PublicationDate>
	<PublicationNumber>HL718070013</PublicationNumber>
	<CorporateAddress>McKesson Information Solutions
5995 Windward Parkway
Alpharetta, GA  30005
404-338-6000</CorporateAddress>
	<Trademarks>HBOCHI® is a registered trademark of McKesson Information Solutions.  All other product and company names may be trademarks or registered trademarks of their respective companies.</Trademarks>
</DocumentInformation>
