<?xml version="1.0"?>
<HL7v2xConformanceProfile HL7Version="2.4" ProfileType="Constrainable">
   <MetaData Name="" OrgName="" Version="" Status="" Topics="confsig---profile-accNE_accAL-Deferred" />

   <Encodings>
      <Encoding>ER7</Encoding>
   </Encodings>

   <DynamicDef AccAck="NE" AppAck="AL" MsgAckMode="Deferred" />

   <HL7v2xStaticDef MsgType="" EventType="" MsgStructID="ADT_A01" EventDesc="" Role="Sender">
      <MetaData Name="" OrgName="" Version="" Status="" Topics="confsig---static---null----Sender" />

      <Segment Name="MSH" LongName="Message Header" Usage="R" Min="1" Max="1">
         <Field Name="Field Separator" Usage="R" Min="1" Max="1" Datatype="ST" Length="1" ItemNo="00001">
            <Reference>2.16.9.1</Reference>
         </Field>

         <Field Name="Encoding Characters" Usage="R" Min="1" Max="1" Datatype="ST" Length="4" ItemNo="00002">
            <Reference>2.16.9.2</Reference>
         </Field>

         <Field Name="Sending Application" Usage="X" Min="0" Max="*" Datatype="HD" Length="180" Table="0361" ItemNo="00003">
            <Reference>2.16.9.3</Reference>

            <Component Name="namespace ID" Usage="X" Datatype="IS" Length="3" Table="0363">
            </Component>

            <Component Name="universal ID" Usage="X" Datatype="ST" Length="3">
            </Component>

            <Component Name="universal ID type" Usage="X" Datatype="ID" Length="3" Table="0301">
            </Component>
         </Field>

         <Field Name="Sending Facility" Usage="X" Min="0" Max="*" Datatype="HD" Length="180" Table="0362" ItemNo="00004">
            <Reference>2.16.9.4</Reference>

            <Component Name="namespace ID" Usage="X" Datatype="IS" Length="3" Table="0363">
            </Component>

            <Component Name="universal ID" Usage="X" Datatype="ST" Length="3">
            </Component>

            <Component Name="universal ID type" Usage="X" Datatype="ID" Length="3" Table="0301">
            </Component>
         </Field>

         <Field Name="Receiving Application" Usage="X" Min="0" Max="*" Datatype="HD" Length="180" Table="0361" ItemNo="00005">
            <Reference>2.16.9.5</Reference>

            <Component Name="namespace ID" Usage="X" Datatype="IS" Length="3" Table="0363">
            </Component>

            <Component Name="universal ID" Usage="X" Datatype="ST" Length="3">
            </Component>

            <Component Name="universal ID type" Usage="X" Datatype="ID" Length="3" Table="0301">
            </Component>
         </Field>

         <Field Name="Receiving Facility" Usage="X" Min="0" Max="*" Datatype="HD" Length="180" Table="0362" ItemNo="00006">
            <Reference>2.16.9.6</Reference>

            <Component Name="namespace ID" Usage="X" Datatype="IS" Length="3" Table="0363">
            </Component>

            <Component Name="universal ID" Usage="X" Datatype="ST" Length="3">
            </Component>

            <Component Name="universal ID type" Usage="X" Datatype="ID" Length="3" Table="0301">
            </Component>
         </Field>

         <Field Name="Date/Time Of Message" Usage="R" Min="1" Max="1" Datatype="TS" Length="26" ItemNo="00007">
            <Reference>2.16.9.7</Reference>

            <Component Name="Date/Time" Usage="X" Datatype="NM">
            </Component>

            <Component Name="degree of precision" Usage="X" Datatype="ST">
            </Component>
         </Field>

         <Field Name="Security" Usage="X" Min="0" Max="*" Datatype="ST" Length="40" ItemNo="00008">
            <Reference>2.16.9.8</Reference>
         </Field>

         <Field Name="Message Type" Usage="R" Min="1" Max="1" Datatype="CM_MSG" Length="15" Table="0076" ItemNo="00009">
            <Reference>2.16.9.9</Reference>

            <Component Name="message type" Usage="X" Datatype="ID" Length="3" Table="0076">
            </Component>

            <Component Name="trigger event" Usage="X" Datatype="ID" Length="3" Table="0003">
            </Component>

            <Component Name="message structure" Usage="X" Datatype="ID" Length="3" Table="0354">
            </Component>
         </Field>

         <Field Name="Message Control ID" Usage="R" Min="1" Max="1" Datatype="ST" Length="20" ItemNo="00010">
            <Reference>2.16.9.10</Reference>
         </Field>

         <Field Name="Processing ID" Usage="R" Min="1" Max="1" Datatype="PT" Length="3" ItemNo="00011">
            <Reference>2.16.9.11</Reference>

            <Component Name="processing ID" Usage="X" Datatype="ID" Length="3" Table="0103">
            </Component>

            <Component Name="processing mode" Usage="X" Datatype="ID" Length="3" Table="0207">
            </Component>
         </Field>

         <Field Name="Version ID" Usage="R" Min="1" Max="1" Datatype="VID" Length="60" Table="0104" ItemNo="00012">
            <Reference>2.16.9.12</Reference>

            <Component Name="version ID" Usage="X" Datatype="ID" Length="3" Table="0104">
            </Component>

            <Component Name="internationalization code" Usage="R" Datatype="CE">
               <SubComponent Name="identifier" Usage="X" Datatype="ST">
               </SubComponent>

               <SubComponent Name="text" Usage="X" Datatype="ST" Length="3">
               </SubComponent>

               <SubComponent Name="name of coding system" Usage="X" Datatype="IS" Length="3" Table="0396">
               </SubComponent>

               <SubComponent Name="alternate identifier" Usage="X" Datatype="ST" Length="3">
               </SubComponent>

               <SubComponent Name="alternate text" Usage="X" Datatype="ST" Length="3">
               </SubComponent>

               <SubComponent Name="name of alternate coding system" Usage="X" Datatype="IS" Length="3" Table="0396">
               </SubComponent>
            </Component>

            <Component Name="international version ID" Usage="R" Datatype="CE">
               <SubComponent Name="identifier" Usage="X" Datatype="ST">
               </SubComponent>

               <SubComponent Name="text" Usage="X" Datatype="ST" Length="3">
               </SubComponent>

               <SubComponent Name="name of coding system" Usage="X" Datatype="IS" Length="3" Table="0396">
               </SubComponent>

               <SubComponent Name="alternate identifier" Usage="X" Datatype="ST" Length="3">
               </SubComponent>

               <SubComponent Name="alternate text" Usage="X" Datatype="ST" Length="3">
               </SubComponent>

               <SubComponent Name="name of alternate coding system" Usage="X" Datatype="IS" Length="3" Table="0396">
               </SubComponent>
            </Component>
         </Field>

         <Field Name="Sequence Number" Usage="X" Min="0" Max="*" Datatype="NM" Length="15" ItemNo="00013">
            <Reference>2.16.9.13</Reference>
         </Field>

         <Field Name="Continuation Pointer" Usage="X" Min="0" Max="*" Datatype="ST" Length="180" ItemNo="00014">
            <Reference>2.16.9.14</Reference>
         </Field>

         <Field Name="Accept Acknowledgment Type" Usage="X" Min="0" Max="*" Datatype="ID" Length="2" Table="0155" ItemNo="00015">
            <Reference>2.16.9.15</Reference>
         </Field>

         <Field Name="Application Acknowledgment Type" Usage="X" Min="0" Max="*" Datatype="ID" Length="2" Table="0155" ItemNo="00016">
            <Reference>2.16.9.16</Reference>
         </Field>

         <Field Name="Country Code" Usage="X" Min="0" Max="*" Datatype="ID" Length="3" Table="0399" ItemNo="00017">
            <Reference>2.16.9.17</Reference>
         </Field>

         <Field Name="Character Set" Usage="X" Min="0" Max="*" Datatype="ID" Length="16" Table="0211" ItemNo="00692">
            <Reference>2.16.9.18</Reference>
         </Field>

         <Field Name="Principal Language Of Message" Usage="O" Min="0" Max="1" Datatype="CE" Length="250" ItemNo="00693">
            <Reference>2.16.9.19</Reference>

            <Component Name="identifier" Usage="X" Datatype="ST">
            </Component>

            <Component Name="text" Usage="X" Datatype="ST" Length="3">
            </Component>

            <Component Name="name of coding system" Usage="X" Datatype="IS" Length="3" Table="0396">
            </Component>

            <Component Name="alternate identifier" Usage="X" Datatype="ST" Length="3">
            </Component>

            <Component Name="alternate text" Usage="X" Datatype="ST" Length="3">
            </Component>

            <Component Name="name of alternate coding system" Usage="X" Datatype="IS" Length="3" Table="0396">
            </Component>
         </Field>

         <Field Name="Alternate Character Set Handling Scheme" Usage="X" Min="0" Max="*" Datatype="ID" Length="20" Table="0356" ItemNo="01317">
            <Reference>2.16.9.20</Reference>
         </Field>

         <Field Name="Conformance Statement ID" Usage="X" Min="0" Max="*" Datatype="ID" Length="10" Table="0449" ItemNo="01598">
            <Reference>2.16.9.21</Reference>
         </Field>
      </Segment>

      <Segment Name="ZCL" LongName="Outpatient Classification" Usage="R" Min="1" Max="1">
         <ImpNote>Consistent with AmbCare 7/2001 spec</ImpNote>

         <Field Name="SET ID" Usage="R" Min="1" Max="1" Datatype="SI" Length="4">
         </Field>

         <Field Name="OUTPATIENT CLASSIFICATION TYPE" Usage="R" Min="1" Max="1" Datatype="ID" Length="2">
<!--DK: Table="SD008" -->
         </Field>

         <Field Name="VALUE" Usage="O" Min="0" Max="1" Datatype="ST" Length="50">
         </Field>
      </Segment>

      <Segment Name="ZCT" LongName="Emergency Contact Segment" Usage="R" Min="1" Max="1">
         <ImpNote>Component 1:K-Street Address (lineÂ Â 1)Component 2:K-Street Address (lineÂ Â 2) &amp; K-StreetÂ Â Â Â Â Â Â Â Â Â Â Â Â Â Â Â Â Â Â Â Â Â Â Â Address (lineÂ Â 3)Component 3:K-CityComponent 4: K-State (abbreviation)Component 5: K-ZIP code</ImpNote>

         <Field Name="Set ID" Usage="R" Min="1" Max="1" Datatype="SI" Length="4">
         </Field>

         <Field Name="Next of Kin (NOK)" Usage="O" Min="0" Max="1" Datatype="ID" Length="3" Table="0136">
         </Field>

         <Field Name="Name of NOK" Usage="O" Min="0" Max="1" Datatype="ST" Length="35">
         </Field>

         <Field Name="Relationship of NOK" Usage="R" Min="1" Max="1" Datatype="ST" Length="30">
         </Field>

         <Field Name="NOK Address" Usage="O" Min="0" Max="2" Datatype="AD" Length="106">
            <ImpNote>Component 1:K-Street Address (lineÂ Â 1)Component 2:K-Street Address (lineÂ Â 2) &amp; K-StreetÂ Â Â Â Â Â Â Â Â Â Â Â Â Â Â Â Â Â Â Â Â Â Â Â Address (lineÂ Â 3)Component 3:K-CityComponent 4: K-State (abbreviation)Component 5: K-ZIP code</ImpNote>

            <Component Name="street address" Usage="X" Datatype="ST" Length="3">
            </Component>

            <Component Name="other designation" Usage="X" Datatype="ST" Length="3">
            </Component>

            <Component Name="city" Usage="X" Datatype="ST" Length="3">
            </Component>

            <Component Name="state or province" Usage="X" Datatype="ST" Length="3">
            </Component>

            <Component Name="zip or postal code" Usage="X" Datatype="ST" Length="3">
            </Component>

            <Component Name="country" Usage="X" Datatype="ID" Length="3">
            </Component>

            <Component Name="address type" Usage="X" Datatype="ID" Length="3">
            </Component>

            <Component Name="other geographic designation" Usage="X" Datatype="ST" Length="3">
            </Component>
         </Field>

         <Field Name="K-Phone Number" Usage="O" Min="0" Max="2" Datatype="TN" Length="40">
         </Field>

         <Field Name="K-Work phone number" Usage="O" Min="0" Max="2" Datatype="TN" Length="40">
         </Field>

         <Field Name="Contact address same as NOK?" Usage="O" Min="0" Max="1" Datatype="ID" Length="1" Table="0136">
         </Field>

         <Field Name="Contact person same as NOK?" Usage="O" Min="0" Max="1" Datatype="ID" Length="1" Table="0136">
         </Field>
      </Segment>

      <Segment Name="ZEL" LongName="Patient Eligibility" Usage="R" Min="1" Max="1">
         <ImpNote>Updated from CoreFLS prosthetics message spec dataed 2/21/02</ImpNote>

         <Field Name="SET ID" Usage="R" Min="1" Max="1" Datatype="SI" Length="4">
         </Field>

         <Field Name="ELIGIBILITY CODE" Usage="O" Min="0" Max="1" Datatype="CE" Length="2">
<!--DK: Table="VA004"-->
            <Component Name="identifier" Usage="X" Datatype="ST" Length="3">
            </Component>

            <Component Name="text" Usage="X" Datatype="ST" Length="3">
            </Component>

            <Component Name="name of coding system" Usage="X" Datatype="ST" Length="3">
            </Component>

            <Component Name="alternate identifier" Usage="X" Datatype="ST" Length="3">
            </Component>

            <Component Name="alternate text" Usage="X" Datatype="ST" Length="3">
            </Component>

            <Component Name="name of alternate coding system" Usage="X" Datatype="ST" Length="3">
            </Component>
         </Field>

         <Field Name="LONG ID" Usage="O" Min="0" Max="1" Datatype="CK" Length="16">
            <Component Name="ID number" Usage="X" Datatype="NM">
            </Component>

            <Component Name="check digit" Usage="X" Datatype="NM">
            </Component>

            <Component Name="code identifying the check digit scheme employed" Usage="X" Datatype="ID">
            </Component>

            <Component Name="assigning facility ID" Usage="X" Datatype="ST">
            </Component>
         </Field>

         <Field Name="SHORT ID" Usage="O" Min="0" Max="1" Datatype="ST" Length="12">
         </Field>

         <Field Name="DISABILITY RETIREMENT FROM MIL." Usage="O" Min="0" Max="1" Datatype="ID" Length="1">
<!--DK:  Table="VA005"-->
         </Field>

         <Field Name="CLAIM FOLDER NUMBER" Usage="O" Min="0" Max="1" Datatype="NM" Length="8">
         </Field>

         <Field Name="CLAIM FOLDER LOCATION" Usage="O" Min="0" Max="1" Datatype="ST" Length="40">
         </Field>

         <Field Name="VETERAN?" Usage="O" Min="0" Max="1" Datatype="ID" Length="1">
<!--DK:  Table="VA001"-->
         </Field>

         <Field Name="TYPE OF PATIENT" Usage="O" Min="0" Max="1" Datatype="ST" Length="30">
         </Field>

         <Field Name="ELIGIBILITY STATUS" Usage="O" Min="0" Max="1" Datatype="ID" Length="1">
<!--DK:  Table="VA006"-->
         </Field>

         <Field Name="ELIGIBILITY STATUS DATE" Usage="O" Min="0" Max="1" Datatype="DT" Length="8">
         </Field>

         <Field Name="ELIGIBILITY INTERIM RESPONSE" Usage="O" Min="0" Max="1" Datatype="DT" Length="8">
         </Field>

         <Field Name="ELIGIBILITY VERIFICATION METHOD" Usage="O" Min="0" Max="1" Datatype="ST" Length="50">
         </Field>

         <Field Name="Receiving A&amp;A Benefits?" Usage="O" Min="0" Max="1" Datatype="ID" Length="1" Table="0136">
         </Field>

         <Field Name="Receiving Housebound Benefits?" Usage="O" Min="0" Max="1" Datatype="ID" Length="1" Table="0136">
         </Field>

         <Field Name="Receiving a VA Pension?" Usage="O" Min="0" Max="1" Datatype="ID" Length="1" Table="0136">
         </Field>

         <Field Name="Receiving a VA Disability?" Usage="O" Min="0" Max="1" Datatype="ID" Length="1" Table="0136">
         </Field>

         <Field Name="Exposed to Agent Orange" Usage="O" Min="0" Max="1" Datatype="ID" Length="1" Table="0136">
         </Field>

         <Field Name="Radiation Exposure Indicated" Usage="O" Min="0" Max="1" Datatype="ID" Length="1" Table="0136">
         </Field>

         <Field Name="Environmental Contaminants" Usage="O" Min="0" Max="1" Datatype="ID" Length="1" Table="0136">
         </Field>

         <Field Name="Total Annual VA Check Amount" Usage="O" Min="0" Max="1" Datatype="NM" Length="5">
         </Field>

         <Field Name="Radiation Exposure Method Code" Usage="O" Min="0" Max="1" Datatype="IS" Length="1">
<!--DK:  Table="VA022"-->
         </Field>

         <Field Name="MST Status" Usage="O" Min="0" Max="1" Datatype="IS" Length="1">&gt; 
<!--DK: Table="VA036"-->
         </Field>

         <Field Name="Date MST Status Changed" Usage="O" Min="0" Max="1" Datatype="DT" Length="8">
         </Field>
      </Segment>

      <Segment Name="ZEM" LongName="Employment Information Segment" Usage="R" Min="1" Max="1">
         <ImpNote>Update based on CIRN-PD spec dated Aug 2000</ImpNote>

         <Field Name="Set ID" Usage="R" Min="1" Max="1" Datatype="SI" Length="4">
         </Field>

         <Field Name="Patient Data Requested?" Usage="O" Min="0" Max="1" Datatype="ID" Length="1" Table="0136">
         </Field>

         <Field Name="Employment Status" Usage="O" Min="0" Max="1" Datatype="IS" Length="1">
<!--DK:  Table="VA015"-->
         </Field>

         <Field Name="Employer Name" Usage="O" Min="0" Max="1" Datatype="ST" Length="30">
         </Field>

         <Field Name="Occupation" Usage="O" Min="0" Max="1" Datatype="ST" Length="30">
         </Field>

         <Field Name="Employer Address" Usage="O" Min="0" Max="2" Datatype="AD" Length="106">
            <ImpNote>Component 1: Employer Street (line 1)Component 2: Employer Street (line 2 &amp; line 3)Component 3: Employer CityComponent 4: Employer StateComponent 5: Employer ZIP Code</ImpNote>

            <Component Name="street address" Usage="X" Datatype="ST" Length="3">
            </Component>

            <Component Name="other designation" Usage="X" Datatype="ST" Length="3">
            </Component>

            <Component Name="city" Usage="X" Datatype="ST" Length="3">
            </Component>

            <Component Name="state or province" Usage="X" Datatype="ST" Length="3">
            </Component>

            <Component Name="zip or postal code" Usage="X" Datatype="ST" Length="3">
            </Component>

            <Component Name="country" Usage="X" Datatype="ID" Length="3">
            </Component>

            <Component Name="address type" Usage="X" Datatype="ID" Length="3">
            </Component>

            <Component Name="other geographic designation" Usage="X" Datatype="ST" Length="3">
            </Component>
         </Field>

         <Field Name="Employer Phone number" Usage="O" Min="0" Max="2" Datatype="TN" Length="40">
            <ImpNote>Component 1: Employer Street (line 1)Component 2: Employer Street (line 2 &amp; line 3)Component 3: Employer CityComponent 4: Employer StateComponent 5: Employer ZIP Code</ImpNote>
         </Field>

         <Field Name="Government Agency?" Usage="O" Min="0" Max="1" Datatype="ID" Length="1" Table="0136">
            <ImpNote>Component 1: Employer Street (line 1)Component 2: Employer Street (line 2 &amp; line 3)Component 3: Employer CityComponent 4: Employer StateComponent 5: Employer ZIP Code</ImpNote>
         </Field>
      </Segment>

      <Segment Name="ZEN" LongName="" Usage="R" Min="1" Max="1">
         <ImpNote>Taken from AmbCare 8/2001 spec seq 11-13 added perspec for Re-Enrollment phase II, May 5,1999</ImpNote>

         <Field Name="Set ID" Usage="R" Min="1" Max="1" Datatype="SI" Length="4">
         </Field>

         <Field Name="ENROLLMENT DATE" Usage="O" Min="0" Max="1" Datatype="DT" Length="8">
            <Reference>ENROLLMENT DATE (.1) of Enrollment File (#27.11)</Reference>
         </Field>

         <Field Name="SOURCE OF ENROLLMENT" Usage="O" Min="0" Max="1" Datatype="IS" Length="1">
<!--DK:  Table="VA024"-->
            <Reference>SOURCE OF ENROLLMENT (.03) of Enrollment File (#27.11)</Reference>
         </Field>

         <Field Name="ENROLLMENT STATUS" Usage="O" Min="0" Max="1" Datatype="IS" Length="1">
<!--DK:  Table="VA015"-->
            <Reference>ENROLLMENT STATUS (.04) of Enrollment File (#27.11)</Reference>
         </Field>

         <Field Name="REASON CANCELED/DECLINED" Usage="O" Min="0" Max="1" Datatype="IS" Length="1">
<!--DK:  Table="VA016"-->
            <Reference>REASON CANCELED/DECLINED (.05) of Enrollment File (#27.11)</Reference>
         </Field>

         <Field Name="CANCELED/DECLINED REMARKS" Usage="O" Min="0" Max="1" Datatype="TX" Length="60">
            <Reference>CANCELED/DECLINED REMARKS (25) of Enrollment File (#27.11)</Reference>
         </Field>

         <Field Name="FACILITY RECEIVED" Usage="O" Min="0" Max="1" Datatype="IS" Length="7">
<!--DK:  Table="VA115"-->
            <Reference>FACILITY RECEIVED (.06) of Enrollment File (#27.11)</Reference>
         </Field>

         <Field Name="PRIMARY FACILITY" Usage="O" Min="0" Max="1" Datatype="IS" Length="7">
<!--DK:  Table="VA115"-->
            <ImpNote>aka Preferred Facility</ImpNote>

            <Reference>PREFERRED FACILITY (27.02) OF PATIENT FILE (#2)</Reference>
         </Field>

         <Field Name="ENROLLMENT PRIORITY" Usage="O" Min="0" Max="1" Datatype="IS" Length="1">
<!--DK:  Table="VA021"-->
            <Reference>ENROLLMENT PRIORITY (.07) of Enrollment File (#27.11)</Reference>
         </Field>

         <Field Name="EFFECTIVE DATE" Usage="O" Min="0" Max="1" Datatype="DT" Length="8">
            <Reference>EFFECTIVE DATE (.08) of Enrollment File (#27.11)</Reference>
         </Field>

         <Field Name="ENROLLMENT APPLICATION DATE" Usage="O" Min="0" Max="1" Datatype="DT" Length="8">
            <Reference>ENROLLMENT APPLICATION DATE (.01) of the Enrollment file (#27.11)</Reference>
         </Field>

         <Field Name="ENROLLMENT END DATE" Usage="O" Min="0" Max="1" Datatype="DT" Length="8">
            <Reference>ENROLLMENT END DATE (.11) ) of the Enrollment file (#27.11)</Reference>
         </Field>

         <Field Name="ENROLLMENT SUB-GROUP" Usage="O" Min="0" Max="1" Datatype="IS" Length="1">
<!--DK:  Table="VA044"-->
            <Reference>ENROLLMENT SUB-GROUP (.12) of the Enrollment file (#27.11)</Reference>
         </Field>
      </Segment>

      <Segment Name="ZET" LongName="Event Reason for Date of Last Treatment" Usage="R" Min="1" Max="1">
         <ImpNote>Update based on CIRN-PD spec dated Aug 2000</ImpNote>

         <Field Name="Event Reason Code Name" Usage="X" Min="0" Max="*" Datatype="CE" Length="4">
            <ImpNote>A1: AdmissionA2: DischargeA3: Clinic check-out</ImpNote>

            <Component Name="identifier" Usage="X" Datatype="ST" Length="3">
            </Component>

            <Component Name="text" Usage="X" Datatype="ST" Length="3">
            </Component>

            <Component Name="name of coding system" Usage="X" Datatype="ST" Length="3">
            </Component>

            <Component Name="alternate identifier" Usage="X" Datatype="ST" Length="3">
            </Component>

            <Component Name="alternate text" Usage="X" Datatype="ST" Length="3">
            </Component>

            <Component Name="name of alternate coding system" Usage="X" Datatype="ST" Length="3">
            </Component>
         </Field>
      </Segment>

      <Segment Name="ZFF" LongName="File/Field Segment" Usage="R" Min="1" Max="1">
         <ImpNote>Update based on CIRN-PD spec dated Aug 2000</ImpNote>

         <Field Name="File Number" Usage="X" Min="0" Max="*" Datatype="NM" Length="20">
         </Field>

         <Field Name="Field Number(s)" Usage="R" Min="1" Max="1" Datatype="ST" Length="150">
         </Field>
      </Segment>

      <Segment Name="ZFT" LongName="" Usage="R" Min="1" Max="1">
         <Field Name="Set ID" Usage="R" Min="1" Max="1" Datatype="SI" Length="3">
         </Field>

         <Field Name="Direct Patient Care FTEE" Usage="R" Min="1" Max="1" Datatype="NM" Length="5">
         </Field>

         <Field Name="Maximum Workload" Usage="O" Min="0" Max="1" Datatype="NM" Length="15">
         </Field>
      </Segment>

      <Segment Name="ZIR" LongName="Income Relation" Usage="R" Min="1" Max="1">
         <ImpNote>Consistent with AmbCare 7/2001 spec</ImpNote>

         <Field Name="SET ID" Usage="R" Min="1" Max="1" Datatype="SI">
         </Field>

         <Field Name="MARRIED LAST CALENDAR YEAR" Usage="O" Min="0" Max="1" Datatype="ID">
<!--DK:  Table="VA001"-->
         </Field>

         <Field Name="LIVED WITH PATIENT" Usage="O" Min="0" Max="1" Datatype="ID">
<!--DK:  Table="VA001"-->
         </Field>

         <Field Name="AMOUNT CONTRIBUTED TO SPOUSE" Usage="O" Min="0" Max="1" Datatype="NM">
         </Field>

         <Field Name="DEPENDENT CHILDREN" Usage="O" Min="0" Max="1" Datatype="ID">
<!--DK:  Table="VA001"-->
         </Field>

         <Field Name="INCAPABLE OF SELF-SUPPORT" Usage="O" Min="0" Max="1" Datatype="ID">
<!--DK:  Table="VA001"-->
         </Field>

         <Field Name="CONTRIBUTED TO SUPPORT" Usage="O" Min="0" Max="1" Datatype="ID">
<!--DK:  Table="VA001"-->
         </Field>

         <Field Name="CHILD HAD INCOME" Usage="O" Min="0" Max="1" Datatype="ID" Length="1">
<!--DK:  Table="VA001"-->
         </Field>

         <Field Name="INCOME AVAILABLE TO YOU" Usage="O" Min="0" Max="1" Datatype="ID">
<!--DK:  Table="VA001"-->
         </Field>

         <Field Name="NUMBER OF DEPENDENT CHILDREN" Usage="O" Min="0" Max="1" Datatype="NM">
         </Field>

         <Field Name="NUMBER OF DEPENDENTS" Usage="O" Min="0" Max="1" Datatype="ST">
         </Field>

         <Field Name="PATIENT INCOME" Usage="O" Min="0" Max="1" Datatype="NM">
         </Field>

         <Field Name="MEANS TEST INDICATOR" Usage="O" Min="0" Max="1" Datatype="ID">
<!--DK:  Table="VA010"-->
         </Field>
      </Segment>

      <Segment Name="ZMH" LongName="Militarry History" Usage="R" Min="1" Max="1">
         <ImpNote>Updated from CoreFLS prosthetics message spec dataed 2/21/02</ImpNote>

         <Field Name="Set ID" Usage="R" Min="1" Max="1" Datatype="SI" Length="4">
         </Field>

         <Field Name="Military History Type" Usage="R" Min="1" Max="1" Datatype="IS" Length="2">
<!--DK:  Table="VA038"-->
         </Field>

         <Field Name="Qualifiers" Usage="R" Min="1" Max="1" Datatype="CE" Length="80">
            <Component Name="identifier" Usage="X" Datatype="ST" Length="3">
            </Component>

            <Component Name="text" Usage="X" Datatype="ST" Length="3">
            </Component>

            <Component Name="name of coding system" Usage="X" Datatype="ST" Length="3">
            </Component>

            <Component Name="alternate identifier" Usage="X" Datatype="ST" Length="3">
            </Component>

            <Component Name="alternate text" Usage="X" Datatype="ST" Length="3">
            </Component>

            <Component Name="name of alternate coding system" Usage="X" Datatype="ST" Length="3">
            </Component>
         </Field>

         <Field Name="Date Range" Usage="O" Min="0" Max="1" Datatype="DR" Length="29">
            <Component Name="range start date/time" Usage="X" Datatype="TS" Length="3">
               <SubComponent Name="Date/Time" Usage="R" Datatype="NM" Length="26">
               </SubComponent>

               <SubComponent Name="degree of precision" Usage="X" Datatype="ST" Length="1">
               </SubComponent>
            </Component>

            <Component Name="range end date/time" Usage="X" Datatype="TS" Length="3">
               <SubComponent Name="Date/Time" Usage="R" Datatype="NM" Length="26">
               </SubComponent>

               <SubComponent Name="degree of precision" Usage="X" Datatype="ST" Length="1">
               </SubComponent>
            </Component>
         </Field>
      </Segment>

      <Segment Name="ZPD" LongName="Patient Info Segment" Usage="R" Min="1" Max="1">
         <ImpNote>Updated from CoreFLS prosthetics message spec dataed 2/21/02</ImpNote>

         <Field Name="Set ID - Patient ID" Usage="O" Min="0" Max="1" Datatype="ST" Length="4">
         </Field>

         <Field Name="Remarks" Usage="O" Min="0" Max="1" Datatype="ST" Length="60">
         </Field>

         <Field Name="Place of Birth City" Usage="O" Min="0" Max="1" Datatype="ST" Length="20">
         </Field>

         <Field Name="Place of Birth State" Usage="O" Min="0" Max="1" Datatype="ST" Length="2">
         </Field>

         <Field Name="Current Means Test Status" Usage="O" Min="0" Max="1" Datatype="ID" Length="2">
<!--DK:  Table="VA002"-->
         </Field>

         <Field Name="Father's Name" Usage="O" Min="0" Max="1" Datatype="ST" Length="35">
         </Field>

         <Field Name="Mother's Name" Usage="O" Min="0" Max="1" Datatype="ST" Length="35">
         </Field>

         <Field Name="Rated Incompetent" Usage="O" Min="0" Max="1" Datatype="ID" Length="1">
<!--DK:  Table="VA001"-->
         </Field>

         <Field Name="Date of Death" Usage="O" Min="0" Max="1" Datatype="TS" Length="19">
            <Component Name="Date/Time" Usage="X" Datatype="NM">
            </Component>

            <Component Name="degree of precision" Usage="X" Datatype="ST">
            </Component>
         </Field>

         <Field Name="Collateral Sponsor" Usage="O" Min="0" Max="1" Datatype="PN" Length="1">
            <Component Name="family name" Usage="X" Datatype="ST">
            </Component>

            <Component Name="given name" Usage="X" Datatype="ST">
            </Component>

            <Component Name="middle initial or name" Usage="X" Datatype="ST">
            </Component>

            <Component Name="suffix" Usage="X" Datatype="ST">
            </Component>

            <Component Name="prefix" Usage="X" Datatype="ST">
            </Component>

            <Component Name="degree" Usage="X" Datatype="IS">
            </Component>
         </Field>

         <Field Name="Active Health Insurance?" Usage="O" Min="0" Max="1" Datatype="ID" Length="1">
<!--DK:  Table="VA001"-->
         </Field>

         <Field Name="Covered by Medicaid?" Usage="O" Min="0" Max="1" Datatype="ID" Length="1">
<!--DK:  Table="VA001"-->
         </Field>

         <Field Name="Date Medicaid last asked" Usage="O" Min="0" Max="1" Datatype="TS" Length="19">
            <Component Name="Date/Time" Usage="X" Datatype="NM">
            </Component>

            <Component Name="degree of precision" Usage="X" Datatype="ST">
            </Component>
         </Field>

         <Field Name="Race" Usage="O" Min="0" Max="1" Datatype="ID" Length="1">
<!--DK:  Table="VA007"-->
         </Field>

         <Field Name="Religion" Usage="O" Min="0" Max="1" Datatype="ID" Length="3">
<!--DK:  Table="VA008"-->
         </Field>

         <Field Name="Homeless Indicator" Usage="O" Min="0" Max="1" Datatype="ID" Length="1">
<!--DK:  Table="VA001"-->
         </Field>

         <Field Name="POW Status Indicated?" Usage="O" Min="0" Max="1" Datatype="ID" Length="1">
         </Field>

         <Field Name="Type of Insurance" Usage="O" Min="0" Max="1" Datatype="ID" Length="2">
<!--DK:  Table="VA012"-->
         </Field>

         <Field Name="Medication Copay Exemption Status" Usage="O" Min="0" Max="1" Datatype="IS" Length="1">
<!--DK:  Table="VA014"-->
         </Field>

         <Field Name="POW Location Code" Usage="O" Min="0" Max="1" Datatype="IS" Length="1">
<!--DK:  Table="VA023"-->
         </Field>

         <Field Name="Primary Care Team" Usage="O" Min="0" Max="1" Datatype="ST" Length="30">
         </Field>
      </Segment>

      <Segment Name="ZSC" LongName="Stop Code" Usage="R" Min="1" Max="1">
         <ImpNote>Consistent with AmbCare 7/2001 spec</ImpNote>

         <Field Name="SEQUENTIAL NUMBER" Usage="R" Min="1" Max="1" Datatype="SI" Length="4">
         </Field>

         <Field Name="STOP CODE" Usage="R" Min="1" Max="1" Datatype="ID" Length="4">
<!--DK:  Table="SD001"-->
         </Field>

         <Field Name="NAME" Usage="O" Min="0" Max="1" Datatype="ST" Length="30">
<!--DK:  Table="SD001"-->
         </Field>

         <Field Name="COST DISTRIBUTION CENTER" Usage="O" Min="0" Max="1" Datatype="NM" Length="1">
         </Field>

         <Field Name="CURRENT EXEMPT. FR CLASSIFICATION" Usage="O" Min="0" Max="1" Datatype="ID" Length="1">
         </Field>
      </Segment>

      <Segment Name="ZSD" LongName="Subscription Registry Data Segment" Usage="R" Min="1" Max="1">
         <ImpNote>Update based on CIRN-PD spec dated Aug 2000</ImpNote>

         <Field Name="VA Logical Link name" Usage="R" Min="1" Max="1" Datatype="ST" Length="60">
            <ImpNote>(0, 1, or 2)</ImpNote>
         </Field>

         <Field Name="VA Subscription Type" Usage="R" Min="1" Max="1" Datatype="CE" Length="3">
            <ImpNote>(0, 1, or 2)</ImpNote>

            <Component Name="identifier" Usage="X" Datatype="ST" Length="3">
            </Component>

            <Component Name="text" Usage="X" Datatype="ST" Length="3">
            </Component>

            <Component Name="name of coding system" Usage="X" Datatype="ST" Length="3">
            </Component>

            <Component Name="alternate identifier" Usage="X" Datatype="ST" Length="3">
            </Component>

            <Component Name="alternate text" Usage="X" Datatype="ST" Length="3">
            </Component>

            <Component Name="name of alternate coding system" Usage="X" Datatype="ST" Length="3">
            </Component>
         </Field>

         <Field Name="VA Subs. Activation Date/Time" Usage="O" Min="0" Max="1" Datatype="TS" Length="26">
            <ImpNote>(0, 1, or 2)</ImpNote>

            <Component Name="Date/Time" Usage="R" Datatype="NM" Length="26">
            </Component>

            <Component Name="degree of precision" Usage="X" Datatype="ST" Length="1">
            </Component>
         </Field>

         <Field Name="VA Subs. Termination Date/Time" Usage="O" Min="0" Max="1" Datatype="TS" Length="26">
            <ImpNote>(0, 1, or 2)</ImpNote>

            <Component Name="Date/Time" Usage="R" Datatype="NM" Length="26">
            </Component>

            <Component Name="degree of precision" Usage="X" Datatype="ST" Length="1">
            </Component>
         </Field>
      </Segment>

      <Segment Name="ZSP" LongName="Service Period" Usage="R" Min="1" Max="1">
         <ImpNote>Update based on CIRN-PD spec dated Aug 2000</ImpNote>

         <Field Name="SET ID" Usage="R" Min="1" Max="1" Datatype="SI" Length="4">
         </Field>

         <Field Name="SERVICE CONNECTED?" Usage="R" Min="1" Max="1" Datatype="ID" Length="1">
<!--DK:  Table="VA001"-->
         </Field>

         <Field Name="SERVICE CONNECTED PERCENTAGE" Usage="O" Min="0" Max="1" Datatype="NM" Length="3">
         </Field>

         <Field Name="PERIOD OF SERVICE" Usage="O" Min="0" Max="1" Datatype="IS" Length="2">
<!--DK:  Table="VA011"-->
         </Field>

         <Field Name="VIETNAM SERVICE INDICATED?" Usage="O" Min="0" Max="1" Datatype="ST" Length="1">
         </Field>

         <Field Name="P&amp;T(304)" Usage="O" Min="0" Max="1" Datatype="ID" Length="1" Table="0136">
         </Field>

         <Field Name="Unemployable (.305)" Usage="O" Min="0" Max="1" Datatype="ID" Length="1" Table="0136">
         </Field>

         <Field Name="SC Award Date (.3012)" Usage="O" Min="0" Max="1" Datatype="TS" Length="19">
            <Component Name="Date/Time" Usage="R" Datatype="NM" Length="26">
            </Component>

            <Component Name="degree of precision" Usage="X" Datatype="ST" Length="1">
            </Component>
         </Field>
      </Segment>
   </HL7v2xStaticDef>
</HL7v2xConformanceProfile>

